BizDay,Date,Wkday,New starts,Step1,Step2,Step3,Step4,Step5,Total,Cap,Over/Under
1,2026-06-01,Mon,54,0,54,0,0,0,54,270,-216
2,2026-06-02,Tue,54,0,54,0,0,0,54,270,-216
3,2026-06-03,Wed,54,0,54,0,0,0,54,270,-216
4,2026-06-04,Thu,54,0,54,0,0,0,54,270,-216
5,2026-06-05,Fri,54,0,54,0,0,0,54,270,-216
6,2026-06-08,Mon,54,0,54,162,0,0,216,270,-54
7,2026-06-09,Tue,54,0,54,54,0,0,108,270,-162
8,2026-06-10,Wed,54,0,54,54,0,0,108,270,-162
9,2026-06-11,Thu,54,0,54,0,0,0,54,270,-216
10,2026-06-12,Fri,54,0,54,0,0,0,54,270,-216
11,2026-06-15,Mon,54,0,54,162,162,0,378,270,108
12,2026-06-16,Tue,54,0,12,96,54,0,162,270,-108
13,2026-06-17,Wed,54,0,0,108,54,0,162,270,-108
14,2026-06-18,Thu,54,44,0,7,0,3,54,270,-216
15,2026-06-19,Fri,54,54,0,0,0,0,54,270,-216
16,2026-06-22,Mon,54,54,44,66,162,0,326,270,56
17,2026-06-23,Tue,54,54,54,0,96,0,204,270,-66
18,2026-06-24,Wed,54,54,0,0,108,0,162,270,-108
19,2026-06-25,Thu,54,54,0,0,7,0,61,270,-209
20,2026-06-26,Fri,54,54,54,0,0,0,108,270,-162
21,2026-06-29,Mon,54,54,162,98,66,162,542,270,272
22,2026-06-30,Tue,54,54,54,0,0,54,162,270,-108
23,2026-07-01,Wed,54,54,0,54,0,54,162,270,-108
24,2026-07-02,Thu,54,54,0,54,0,0,108,270,-162
25,2026-07-03,Fri,54,54,54,54,0,0,162,270,-108
26,2026-07-06,Mon,54,54,162,108,98,162,584,270,314
27,2026-07-07,Tue,54,54,54,0,0,96,204,270,-66
28,2026-07-08,Wed,54,54,0,54,54,108,270,270,0
29,2026-07-09,Thu,54,54,0,54,54,7,169,270,-101
30,2026-07-10,Fri,54,54,54,54,54,0,216,270,-54
31,2026-07-13,Mon,54,54,162,108,108,66,498,270,228
32,2026-07-14,Tue,54,54,54,0,0,0,108,270,-162
33,2026-07-15,Wed,54,54,0,54,54,0,162,270,-108
34,2026-07-16,Thu,54,54,0,54,54,0,162,270,-108
35,2026-07-17,Fri,54,54,54,54,54,0,216,270,-54
36,2026-07-20,Mon,54,54,162,108,108,98,530,270,260
37,2026-07-21,Tue,54,54,54,0,0,0,108,270,-162
38,2026-07-22,Wed,54,54,0,54,54,54,216,270,-54
39,2026-07-23,Thu,54,54,0,54,54,54,216,270,-54
40,2026-07-24,Fri,54,54,54,54,54,54,270,270,0
41,2026-07-27,Mon,54,54,162,108,108,108,540,270,270
42,2026-07-28,Tue,54,54,54,0,0,0,108,270,-162
43,2026-07-29,Wed,54,54,0,54,54,54,216,270,-54
44,2026-07-30,Thu,54,54,0,54,54,54,216,270,-54
45,2026-07-31,Fri,54,54,54,54,54,54,270,270,0
46,2026-08-03,Mon,54,54,162,108,108,108,540,270,270
47,2026-08-04,Tue,54,54,54,0,0,0,108,270,-162
48,2026-08-05,Wed,54,54,0,54,54,54,216,270,-54
49,2026-08-06,Thu,54,54,0,54,54,54,216,270,-54
50,2026-08-07,Fri,54,54,54,54,54,54,270,270,0
51,2026-08-10,Mon,54,54,162,108,108,108,540,270,270
52,2026-08-11,Tue,54,54,54,0,0,0,108,270,-162
53,2026-08-12,Wed,54,54,0,54,54,54,216,270,-54
54,2026-08-13,Thu,54,54,0,54,54,54,216,270,-54
55,2026-08-14,Fri,54,54,54,54,54,54,270,270,0
56,2026-08-17,Mon,54,54,162,108,108,108,540,270,270
57,2026-08-18,Tue,54,54,54,0,0,0,108,270,-162
58,2026-08-19,Wed,54,54,0,54,54,54,216,270,-54
59,2026-08-20,Thu,54,54,0,54,54,54,216,270,-54
60,2026-08-21,Fri,54,54,54,54,54,54,270,270,0
61,2026-08-24,Mon,54,54,162,108,108,108,540,270,270
62,2026-08-25,Tue,54,54,54,0,0,0,108,270,-162
63,2026-08-26,Wed,54,54,0,54,54,54,216,270,-54
64,2026-08-27,Thu,54,54,0,54,54,54,216,270,-54
65,2026-08-28,Fri,54,54,54,54,54,54,270,270,0
66,2026-08-31,Mon,54,54,162,108,108,108,540,270,270
67,2026-09-01,Tue,54,54,54,0,0,0,108,270,-162
68,2026-09-02,Wed,54,54,0,54,54,54,216,270,-54
69,2026-09-03,Thu,54,54,0,54,54,54,216,270,-54
70,2026-09-04,Fri,54,54,54,54,54,54,270,270,0
71,2026-09-07,Mon,54,54,162,108,108,108,540,270,270
72,2026-09-08,Tue,54,54,54,0,0,0,108,270,-162
73,2026-09-09,Wed,54,54,0,54,54,54,216,270,-54
74,2026-09-10,Thu,54,54,0,54,54,54,216,270,-54
75,2026-09-11,Fri,54,54,54,54,54,54,270,270,0
76,2026-09-14,Mon,54,54,162,108,108,108,540,270,270
77,2026-09-15,Tue,54,54,54,0,0,0,108,270,-162
78,2026-09-16,Wed,54,54,0,54,54,54,216,270,-54
79,2026-09-17,Thu,54,54,0,54,54,54,216,270,-54
80,2026-09-18,Fri,54,54,54,54,54,54,270,270,0
81,2026-09-21,Mon,54,54,162,108,108,108,540,270,270
82,2026-09-22,Tue,54,54,54,0,0,0,108,270,-162
83,2026-09-23,Wed,54,54,0,54,54,54,216,270,-54
84,2026-09-24,Thu,54,54,0,54,54,54,216,270,-54
85,2026-09-25,Fri,54,54,54,54,54,54,270,270,0
86,2026-09-28,Mon,25,25,162,108,108,108,511,270,241
87,2026-09-29,Tue,0,0,54,0,0,0,54,270,-216
88,2026-09-30,Wed,0,0,0,54,54,54,162,270,-108
89,2026-10-01,Thu,0,0,0,54,54,54,162,270,-108
90,2026-10-02,Fri,0,0,25,54,54,54,187,270,-83
91,2026-10-05,Mon,0,0,0,108,108,108,324,270,54
92,2026-10-06,Tue,0,0,0,0,0,0,0,270,-270
93,2026-10-07,Wed,0,0,0,25,54,54,133,270,-137
94,2026-10-08,Thu,0,0,0,0,54,54,108,270,-162
95,2026-10-09,Fri,0,0,0,0,54,54,108,270,-162
96,2026-10-12,Mon,0,0,0,0,108,108,216,270,-54
97,2026-10-13,Tue,0,0,0,0,0,0,0,270,-270
98,2026-10-14,Wed,0,0,0,0,25,54,79,270,-191
99,2026-10-15,Thu,0,0,0,0,0,54,54,270,-216
100,2026-10-16,Fri,0,0,0,0,0,54,54,270,-216
101,2026-10-19,Mon,0,0,0,0,0,108,108,270,-162
102,2026-10-20,Tue,0,0,0,0,0,0,0,270,-270
103,2026-10-21,Wed,0,0,0,0,0,54,54,270,-216
104,2026-10-22,Thu,0,0,0,0,0,54,54,270,-216
105,2026-10-23,Fri,0,0,0,0,0,54,54,270,-216
106,2026-10-26,Mon,0,0,0,0,0,108,108,270,-162
107,2026-10-27,Tue,0,0,0,0,0,0,0,270,-270
108,2026-10-28,Wed,0,0,0,0,0,25,25,270,-245
