BizDay,Date,Day,Cap,NewStart_S1,Send_S2,Send_S3,Send_S4,Send_S5,TotalSent,DeferredBacklog,CumStarted,CumSent
1,2026-06-01,Mon,50,0,0,43,4,3,50,613,663,50
2,2026-06-02,Tue,50,0,0,50,0,0,50,563,663,100
3,2026-06-03,Wed,50,0,42,8,0,0,50,513,663,150
4,2026-06-04,Thu,50,0,50,0,0,0,50,463,663,200
5,2026-06-05,Fri,50,0,50,0,0,0,50,413,663,250
6,2026-06-08,Mon,100,0,100,0,0,0,100,313,663,350
7,2026-06-09,Tue,100,0,100,0,0,0,100,213,663,450
8,2026-06-10,Wed,100,0,15,42,43,0,100,198,663,550
9,2026-06-11,Thu,100,0,0,50,50,0,100,198,663,650
10,2026-06-12,Fri,100,0,42,50,8,0,100,156,663,750
11,2026-06-15,Mon,150,0,50,100,0,0,150,106,663,900
12,2026-06-16,Tue,150,0,50,100,0,0,150,56,663,1050
13,2026-06-17,Wed,150,79,56,15,0,0,150,0,742,1200
14,2026-06-18,Thu,150,80,0,0,0,0,80,0,822,1280
15,2026-06-19,Fri,150,62,0,42,42,4,150,0,884,1430
16,2026-06-22,Mon,200,80,0,50,50,0,180,0,964,1610
17,2026-06-23,Tue,200,21,79,50,50,0,200,0,985,1810
18,2026-06-24,Wed,200,0,44,56,100,0,200,36,985,2010
19,2026-06-25,Thu,200,2,98,0,100,0,200,0,987,2210
20,2026-06-26,Fri,200,80,80,0,15,0,175,0,1067,2385
21,2026-06-29,Mon,250,80,21,0,0,0,101,0,1147,2486
22,2026-06-30,Tue,250,80,0,79,42,43,244,0,1227,2730
23,2026-07-01,Wed,250,80,2,44,50,50,226,0,1307,2956
24,2026-07-02,Thu,250,14,80,98,50,8,250,0,1321,3206
25,2026-07-03,Fri,250,34,80,80,56,0,250,0,1355,3456
26,2026-07-06,Mon,270,80,80,21,0,0,181,0,1435,3637
27,2026-07-07,Tue,270,80,80,0,0,0,160,0,1515,3797
28,2026-07-08,Wed,270,80,14,2,0,0,96,0,1595,3893
29,2026-07-09,Thu,270,35,34,80,79,42,270,0,1630,4163
30,2026-07-10,Fri,270,16,80,80,44,50,270,0,1646,4433
31,2026-07-13,Mon,270,0,42,80,98,50,270,38,1646,4703
32,2026-07-14,Tue,270,0,10,80,80,100,270,108,1646,4973
33,2026-07-15,Wed,270,0,135,14,21,100,270,8,1646,5243
34,2026-07-16,Thu,270,80,24,34,0,15,153,0,1726,5396
35,2026-07-17,Fri,270,80,0,80,2,0,162,0,1806,5558
36,2026-07-20,Mon,270,80,0,42,80,42,244,0,1886,5802
37,2026-07-21,Tue,270,80,0,10,80,50,220,0,1966,6022
38,2026-07-22,Wed,270,0,5,135,80,50,270,75,1966,6292
39,2026-07-23,Thu,270,0,110,24,80,56,270,45,1966,6562
40,2026-07-24,Fri,270,80,125,0,14,0,219,0,2046,6781
41,2026-07-27,Mon,270,80,80,0,34,0,194,0,2126,6975
42,2026-07-28,Tue,270,80,0,0,80,0,160,0,2206,7135
43,2026-07-29,Wed,270,80,0,5,42,79,206,0,2286,7341
44,2026-07-30,Thu,270,26,80,110,10,44,270,0,2312,7611
45,2026-07-31,Fri,270,0,0,37,135,98,270,168,2312,7881
46,2026-08-03,Mon,270,0,0,166,24,80,270,162,2312,8151
47,2026-08-04,Tue,270,7,240,2,0,21,270,0,2319,8421
48,2026-08-05,Wed,270,80,26,0,0,0,106,0,2399,8527
49,2026-08-06,Thu,270,80,0,80,0,2,162,0,2479,8689
50,2026-08-07,Fri,270,80,0,0,5,80,165,0,2559,8854
51,2026-08-10,Mon,270,73,7,0,110,80,270,0,2632,9124
52,2026-08-11,Tue,270,0,0,153,37,80,270,167,2632,9394
53,2026-08-12,Wed,270,0,0,24,166,80,270,249,2632,9664
54,2026-08-13,Thu,270,0,165,89,2,14,270,75,2632,9934
55,2026-08-14,Fri,270,80,148,0,0,34,262,0,2712,10196
56,2026-08-17,Mon,270,80,0,7,80,80,247,0,2792,10443
57,2026-08-18,Tue,270,80,0,0,0,42,122,0,2872,10565
58,2026-08-19,Wed,270,80,0,0,0,10,90,0,2952,10655
59,2026-08-20,Thu,270,0,0,0,135,135,270,263,2952,10925
60,2026-08-21,Fri,270,0,0,204,42,24,270,269,2952,11195
61,2026-08-24,Mon,270,0,72,109,89,0,270,168,2952,11465
62,2026-08-25,Tue,270,22,248,0,0,0,270,0,2974,11735
63,2026-08-26,Wed,270,80,0,0,7,0,87,0,3054,11822
64,2026-08-27,Thu,270,80,0,0,0,5,85,0,3134,11907
65,2026-08-28,Fri,270,80,0,0,0,110,190,0,3214,12097
66,2026-08-31,Mon,270,80,22,72,0,37,211,0,3294,12308
67,2026-09-01,Tue,270,0,0,0,104,166,270,428,3294,12578
68,2026-09-02,Wed,270,0,0,59,209,2,270,349,3294,12848
69,2026-09-03,Thu,270,0,81,189,0,0,270,159,3294,13118
70,2026-09-04,Fri,270,0,190,0,0,80,270,49,3294,13388
71,2026-09-07,Mon,270,80,49,22,0,0,151,0,3374,13539
72,2026-09-08,Tue,270,80,0,0,0,0,80,0,3454,13619
73,2026-09-09,Wed,270,63,0,0,72,135,270,0,3517,13889
74,2026-09-10,Thu,270,80,0,81,0,42,203,0,3597,14092
75,2026-09-11,Fri,270,0,0,122,59,89,270,148,3597,14362
76,2026-09-14,Mon,270,0,0,81,189,0,270,196,3597,14632
77,2026-09-15,Tue,270,4,223,36,0,7,270,0,3601,14902
78,2026-09-16,Wed,270,80,80,0,22,0,182,0,3681,15084
79,2026-09-17,Thu,270,80,0,0,0,0,80,0,3761,15164
80,2026-09-18,Fri,270,17,0,0,0,0,17,0,3778,15181
81,2026-09-21,Mon,270,0,4,0,81,104,189,0,3778,15370
82,2026-09-22,Tue,270,0,0,0,61,209,270,364,3778,15640
83,2026-09-23,Wed,270,0,0,128,142,0,270,335,3778,15910
84,2026-09-24,Thu,270,0,59,175,36,0,270,118,3778,16180
85,2026-09-25,Fri,270,0,118,0,0,0,118,0,3778,16298
86,2026-09-28,Mon,270,0,0,4,0,0,4,0,3778,16302
87,2026-09-29,Tue,270,0,0,0,0,72,72,0,3778,16374
88,2026-09-30,Wed,270,0,0,0,0,0,0,0,3778,16374
89,2026-10-01,Thu,270,0,0,59,0,59,118,0,3778,16492
90,2026-10-02,Fri,270,0,0,0,81,189,270,165,3778,16762
91,2026-10-05,Mon,270,0,0,48,222,0,270,70,3778,17032
92,2026-10-06,Tue,270,0,0,70,0,22,92,0,3778,17124
93,2026-10-07,Wed,270,0,0,0,4,0,4,0,3778,17128
94,2026-10-08,Thu,270,0,0,0,0,0,0,0,3778,17128
95,2026-10-09,Fri,270,0,0,0,0,81,81,0,3778,17209
